NUMBER	CHINESE	ENGLISH	CONCEPTICON_ID	CONCEPTICON_GLOSS
1	氣	air	27	AIR
2	全	all	98	ALL
3	皆	all	98	ALL
4	和	and	1577	AND
5	竹	bamboo	1927	BAMBOO
6	可	be able	972	BE ABLE
7	兄	big brother	1759	OLDER BROTHER
8	烏	bird	913	CROW
9	瓶	bottle	1321	BOTTLE
10	乳	breast	1402	BREAST
11	明	bright	679	BRIGHT
12	叫	call	1084	CALL
13	呼	call	180	CALL BY NAME
14	爪	claw	72	CLAW
15	布	cloth	1616	CLOTH
16	云	cloud	1489	CLOUD
17	令	cold	1287	COLD
18	來	come	1446	COME
19	牛	cow	3044	BOVINE
20	切	cut	1432	CUT
21	女	daughter	1357	DAUGHTER
22	天	sky	1732	SKY
23	朝	day	1225	DAY (NOT NIGHT)
24	亡	die	1494	DIE
25	狗	dog	2009	DOG
26	犬	dog	2009	DOG
27	下	down	1485	BELOW OR UNDER
28	干	dry	1398	DRY
29	地	earth, ground	2159	GROUND
30	土	earth, soil	1228	EARTH (SOIL)
31	冬	winter	1471	WINTER
32	東	east	1877	EAST
33	吃	eat	1336	EAT
34	卵	egg	744	EGG
35	八	eight	1705	EIGHT
36	空	empty	1624	EMPTY
37	入	enter	749	ENTER
38	平	even	1633	FLAT
39	晚	evening	1629	EVENING
40	眼	eye	1248	EYE
41	目	eye	1248	EYE
42	眉	eyebrow	1173	EYEBROW
43	屎	faeces	675	FAECES (EXCREMENT)
44	父	father	1217	FATHER
45	爸	father	1217	FATHER
46	毛	feather or hair	2381	FEATHER OR FUR OR HAIR
47	砍	fell (a tree)	463	FELL (A TREE)
48	娘	female person	2105	FEMALE PERSON
49	少	few	1242	FEW
50	田	field	140	PADDY FIELD
51	火	fire	221	FIRE
52	五	five	493	FIVE
53	力	force	202	STRENGTH
54	林	forest	420	FOREST
55	望	forget	1523	FORGET
56	四	four	1500	FOUR
57	友	friend	1325	FRIEND
58	朋	friend	1325	FRIEND
59	取	gather	1749	TAKE
60	生	give birth	1195	GIVE BIRTH
61	去	go away	695	GO
62	好	good	1035	GOOD
63	瓜	gourd or melon	3398	GOURD OR MELON
64	爹	grandfather	1383	GRANDFATHER
65	半	half	816	HALF
66	他	he or she or it	2642	HE OR SHE
67	其	his or her	2092	HIS OR HER
68	百	hundred	1634	HUNDRED
69	痛	hurt	1783	PAIN
70	仗	husband	1200	HUSBAND
71	在	in	1376	NOW
72	內	inside	1606	INSIDE
73	殺	kill	1417	KILL
74	王	king	1508	KING
75	刀	knife	1352	KNIFE
76	知	know	1410	KNOW (SOMETHING)
77	笑	laugh	1355	LAUGH
78	左	left	244	LEFT
79	信	letter	1612	LETTER
80	失	lose	1660	LOSE
81	男	male person	2106	MALE PERSON
82	娶	marry (a woman)	2164	MARRY (AS MAN)
83	中	middle, center	1093	MIDDLE
84	月	moon	1313	MOON
85	母	mother	1216	MOTHER
86	山	mountain	639	MOUNTAIN
87	口	mouth	674	MOUTH
88	泥	mud	640	MUD
89	名	name	1405	NAME
90	北	north	1598	NORTH
91	不	not	1240	NOT
92	否	not	1240	NOT
93	現	now	1376	NOW
94	古	old	2112	OLD (AGED)
95	一	one	1493	ONE
96	命	order	1128	ORDER
97	人	person	683	PERSON
98	玩	play	1413	PLAY
99	毒	poison	655	POISON
100	穿	put on (clothes)	976	WEAR
101	回	return	581	COME BACK
102	烤	roast	1962	ROAST (SOMETHING)
103	本	root	670	ROOT
104	告	say	1711	TELL
105	海	sea	1474	SEA
106	吏	send	1127	SEND
107	七	seven	1704	SEVEN
108	尖	sharp	372	POINTED
109	短	short	1645	SHORT
110	矮	short (in size)	721	LOW
111	坐	sit	1416	SIT
112	六	six	1703	SIX
113	皮	skin	763	SKIN
114	小	small	1246	SMALL
115	兵	soldier	1941	SOLDIER
116	子	son	1620	SON
117	兒	son	1620	SON
118	南	south	864	PUMPKIN
119	站	stand	1442	STAND
120	立	stand	1442	STAND
121	石	stone	857	STONE
122	直	straight	1404	STRAIGHT
123	日	sun	1343	SUN
124	桌	table	1775	TABLE
125	十	ten	1515	TEN
126	厚	thick	1244	THICK
127	千	thousand	1843	THOUSAND
128	三	three	492	THREE
129	瓦	tile	3404	TILE
130	牙	tooth	1380	TOOTH
131	二	two	1498	TWO
132	兩	two	1498	TWO
133	上	up	57	ATOP
134	用	use	2072	USE (VERB)
135	村	village	930	VILLAGE
136	洗	wash	1453	WASH
137	看	watch, look	1819	LOOK
138	周	week	1469	WEEK
139	井	well	954	WELL
140	西	west	1817	WEST
141	白	white	1335	WHITE
142	婆	wife	1199	WIFE
143	狼	wolf	522	WOLF
144	木	wood	1803	WOOD
145	年	year	1226	YEAR
146	昨	yesterday	1174	YESTERDAY
147	你	you	1215	THOU
148	秧	(rice) seedling	3050	SEEDLING
149	刮	(wind) blow	175	BLOW (OF WIND)
150	初	1st day of the lunar month	3354	FIRST DAY OF THE MONTH
151	瞎	a blind person	457	BLIND PERSON
152	酒	alcoholic beverage	404	ALCOHOL (FERMENTED DRINK)
153	活	alive (living)	1422	BE ALIVE
154	都	all	98	ALL
155	也	also		
156	方	angular	2757	ANGULAR (SQUAREFORMED)
157	肛	anus	1935	ANUS
158	到	arrive	1387	ARRIVE
159	箭	arrow	977	ARROW
160	灰	ash	646	ASH
161	茄	aubergine	1146	AUBERGINE
162	醒	awake	825	AWAKE
163	斧	axe	677	AXE
164	背	back (body)	1291	BACK
165	坏	bad	1292	BAD
166	球	ball	1845	BALL
167	是	be (copula)	1579	BE
168	成	be done/ accomplished	1990	BECOME
169	孕	be pregnant	1123	PREGNANT
170	害	be shy/bashful	487	SHY
171	羞	be shy/bashful	487	SHY
172	困	be sleepy		
173	渴	be thirsty	847	THIRSTY
174	累	be tired	1757	TIRED
175	豆	bean	2574	BEAN OR PEA
176	熊	bear	1820	BEAR
177	胡	beard/ moustache/ goatee	678	BEARD
178	美	beautiful	1427	BEAUTIFUL
179	床	bed	1663	BED
180	蜂	bee	665	BEE
181	箱	bellow		
182	肚	belly	1251	BELLY
183	大	big (large)	1202	BIG
184	咬	bite	1403	BITE
185	苦	bitter	887	BITTER
186	黑	black	163	BLACK
187	血	blood	946	BLOOD
188	吹	blow (trumpet)	176	BLOW (WITH MOUTH)
189	板	board	1227	BOARD
190	船	boat	1844	BOAT
191	身	body	1480	BODY
192	骨	bone	1394	BONE
193	借	borrow (money)	1823	BORROW
194	弓	bow	994	BOW
195	碗	bowl	1530	BOWL
196	枝	branch/ twig	1531	BRANCH
197	樹	branch/ twig	1531	BRANCH
198	破	break	680	BREAK (DESTROY OR GET DESTROYED)
199	裂	break	680	BREAK (DESTROY OR GET DESTROYED)
200	亮	bright	679	BRIGHT
201	孵	brood	2075	BROOD (VERB)
202	帚	broom	245	BROOM
203	刷	brush	1821	BRUSH
204	桶	bucket		
205	燃	burn	2102	BURN
206	埋	bury	1719	BURY
207	忙	busy	2755	BUSY
208	蝶	butterfly	1791	BUTTERFLY
209	屁	buttocks	834	BUTTOCKS
210	股	buttocks	834	BUTTOCKS
211	扣	button	757	BUTTON
212	罐	can (jar)	1051	CAN
213	藤	cane/ vine	2497	RATTAN
214	牌	card	2619	CARD
215	匠	carpenter	1042	CARPENTER
216	抬	carry	700	CARRY
217	挑	carry with pole on shoulder	3438	CARRY (WITH POLE ON SHOULDER)
218	捉	catch	702	CATCH
219	洞	cave/ hole	1667	HOLE
220	糠	chaff/ bran	2363	CHAFF (HUSK)
221	椅	chair	1476	CHAIR
222	化	change (become different)	2857	CHANGE (BECOME DIFFERENT)
223	改	change (something)	2856	CHANGE (SOMETHING)
224	胸	chest	1592	CHEST
225	脯	chest	1592	CHEST
226	孩	child	2099	CHILD
227	劈	chop (firewood)	1437	SPLIT
228	筷	chopsticks	1987	CHOPSTICKS
229	只	classifier for birds	2081	CHICKEN (CLASSIFIER)
230	件	classifier for clothing	2088	CLOTHING (CLASSIFIER)
231	位	classifier for person	516	PERSON (CLASSIFIER)
232	首	classifier for songs	3422	SONG (CLASSIFIER)
233	棍	classifier for sticks	2085	STICK (CLASSIFIER)
234	棵	classifier for trees	2721	TREE (CLASSIFIER)
235	清	clear (water)	1147	PURE
236	衣	clothing (garment)	1895	CLOTHES
237	材	coffin	2011	COFFIN
238	冷	cold	1287	COLD
239	柱	column	2045	COLUMN
240	梳	comb	1475	COMB
241	冠	comb of cock	188	COMB OF BIRD
242	粥	congee (gruel, porridge)	2049	CONGEE
243	接	connect (join)	2862	CONNECT
244	煮	cook (boil)	1100	COOK (SOMETHING)
245	熟	cooked	269	COOKED
246	棉	cotton	1850	COTTON
247	絮	cotton wool	3442	COTTON WOOL
248	圈	cowshed	3025	BARN OR SHED
249	蟹	crab	2348	CRAB
250	爬	crawl	96	CRAWL
251	哭	cry	1839	CRY
252	敢	dare	1779	DARE
253	暗	dark	706	DARK
254	深	deep	1593	DEEP
255	露	dew	1977	DEW
256	死	die	1494	DIE
257	挖	dig	1418	DIG
258	勤	diligent	2077	DILIGENT
259	融	dissolve	2334	MELT
260	做	do (something)	813	DO
261	漏	drip (emit liquid)	2253	DRIP (EMIT LIQUID)
262	掉	drop (something)	750	DROP
263	鼓	drum	908	DRUM
264	醉	drunk	1463	DRUNK
265	枯	dry	1398	DRY
266	晒	dry in the sun	3364	DRY IN SUN
267	朵	ear	1247	EAR
268	耳	ear	1247	EAR
269	早	early	672	EARLY
270	容	easy	686	EASY
271	易	easy	686	EASY
272	蛋	egg	744	EGG
273	姐	elder sister	1758	OLDER SISTER
274	屋	enter (a house)		
275	落	fall	1280	FALL
276	倒	fall over/ down	2894	TUMBLE (FALL DOWN)
277	跌	fall over/ down	2894	TUMBLE (FALL DOWN)
278	假	false	3069	FALSE
279	扇	fan (can be held by single hand)	1971	FAN (OBJECT)
280	胖	fat	1279	FAT (OBESE)
281	怕	fear (be afraid)	1419	FEAR (BE AFRAID)
282	旱	field	212	FIELD
283	凶	fierce	
284	填	fill up (a hollow)	2006	FILL
285	指	finger	1303	FINGER
286	柴	firewood	10	FIREWOOD
287	拳	fist	1473	FIST
288	旗	flag	2623	FLAG
289	浮	float	1574	FLOAT
290	面	flour	1594	FLOUR
291	流	flow	2003	FLOW
292	花	flower	239	FLOWER
293	折	fold	1470	FOLD
294	午	forenoon	2775	FORENOON
295	忘	forget	1523	FORGET
296	狐	fox	1312	FOX
297	狸	fox	1312	FOX
298	青	frog	503	FROG
299	前	front	2194	FRONT (PART)
300	霜	frost	2034	FROST
301	果	fruit	1507	FRUIT
302	炸	fry (something)	991	FRY
303	蒜	garlic	2368	GARLIC
304	收	gather (harvest)	7	GATHER
305	的	genitive marker		
306	得	get (acquire)	694	GET
307	鬼	ghost/ spirit	1175	GHOST
308	姜	ginger	2500	GINGER
309	姑	girl	1646	GIRL
310	糯	glutinous rice	2750	GLUTINOUS RICE
311	出	go out	1107	GO OUT
312	物	goods (merchandise)	3406	MERCHANDISE
313	葫	gourd	411	GOURD
314	瓢	gourd ladle (wooden dipper)	2657	LADLE
315	粟	grain	605	GRAIN
316	葡	grape	920	GRAPE
317	草	grass	606	GRASS
318	墓	grave	1773	GRAVE
319	磨	grind (flour)	1033	GRIND
320	猜	guess (a riddle)	1932	GUESS
321	客	guest	1782	GUEST
322	族	Han Chinese	3373	HAN CHINESE
323	手	hand	1277	HAND
324	硬	hard	1884	HARD
325	帽	hat	771	HAT
326	巾	head covering		
327	心	heart	1223	HEART
328	重	heavy	1210	HEAVY
329	助	help	1897	HELP
330	藏	hide (something)	2486	HIDE
331	高	high (tall)	1265	HIGH
332	打	hit (a person)	1433	HIT
333	拿	hold or take	2104	HOLD OR TAKE
334	蜜	honey		
335	蹄	hoof	152	HOOF
336	角	horn (of cow)	1393	HORN (ANATOMY)
337	房	house	1252	HOUSE
338	抱	hug (embrace)	928	EMBRACE
339	丈	husband	1200	HUSBAND
340	我	I	1209	I
341	香	incense	3356	INCENSE
342	吸	inhale	2705	INHALE
343	里	inside	1606	INSIDE
344	痒	itch	149	ITCHY
345	斤	jin (=0.5 kg.)	2647	CATTY (MASS UNIT)
346	跳	jump	1829	JUMP
347	匙	key	1472	KEY
348	敲	knock	2396	KNOCK
349	缺	lack (not have)	2329	LACK (NOT HAVE)
350	梯	ladder	1464	LADDER
351	油	lard (pig fat)	2557	PIG FAT
352	腿	leg	1297	LEG
353	裹	legging		
354	提	lift (with hand)	501	LIFT
355	光	light	630	LIGHT (RADIATION)
356	淡	light (in taste)	2181	LIGHT (IN TASTE)
357	甜	liquor (sweet)	842	LIQUOR
358	住	live (reside)	363	DWELL (LIVE, RESIDE)
359	肝	liver	1224	LIVER
360	找	look for	1468	LOOK FOR
361	低	low (short)	721	LOW
362	肺	lung	688	LUNG
363	蛆	maggot	2640	LARVA
364	谷	maize/ corn	506	MAIZE
365	夫	male person	1200	HUSBAND
366	多	many	1198	MANY
367	市	market	633	MARKET
368	席	mat	195	MAT
369	舅	maternal uncle (mother's brother)	2692	MATERNAL UNCLE (MOTHER'S BROTHER)
370	肉	meat	634	MEAT
371	夜	night	1233	NIGHT
372	奶	milk	635	MILK
373	猴	monkey	1350	MONKEY
374	晨	morning	1339	MORNING
375	鼠	mouse	2139	MUROID (MOUSE OR RAT)
376	嘴	mouth	674	MOUTH
377	移	move (oneself)	2874	MOVE (ONESELF)
378	搬	move (something)	765	MOVE
379	甲	nail	1258	FINGERNAIL
380	窄	narrow	1267	NARROW
381	涕	nasal mucus	208	NASAL MUCUS (SNOT)
382	近	near	1942	NEAR
383	新	new	1231	NEW
384	九	nine	1483	NINE
385	鼻	nose	1221	NOSE
386	老	old man	406	OLD MAN
387	自	oneself	1993	SELF
388	橘	orange	2627	ORANGE (FRUIT)
389	孤	orphan	1149	ORPHAN
390	外	outside	762	OUTSIDE
391	欠	owe (money)	369	OWE
392	划	paddle	234	PADDLE
393	稻	paddy rice	3390	WILD RICE
394	疼	painful	1129	PAINFUL
395	桃	peach	2043	PEACH
396	梨	pear	922	PEAR
397	柿	persimmon	2044	PERSIMMON
398	舂	pestle	225	PESTLE
399	枕	pillow	1044	PILLOW
400	松	pine	1740	PINE
401	刨	plane	3408	PLANE (TOOL)
402	栽	plant (trees)	1486	PLANT (SOMETHING)
403	犁	plough	2154	PLOUGH (INSTRUMENT)
404	耕	plough (something)	1921	PLOUGH
405	李	plum	2356	CHINESE PLUM
406	袋	pocket	1851	POCKET
407	插	poke (something)		
408	池	pond	2035	POND
409	答	promise	1675	PROMISE
410	拖	pull	1455	PULL
411	追	pursue	1047	PURSUE
412	推	push	1452	PUSH
413	快	quick/ fast	1631	FAST
414	被	quilt	2048	QUILT
415	兔	rabbit	2345	LEPORID (RABBIT OR HARE)
416	雨	rain	658	RAIN (PRECIPITATION)
417	虹	rainbow	1733	RAINBOW
418	留	remain	987	REMAIN
419	救	rescue (save)	2008	RESCUE
420	退	retreat	421	RETREAT
421	米	rice	926	RICE
422	富	rich	712	RICH
423	右	right	1019	RIGHT
424	河	river	666	RIVER
425	路	road	667	ROAD
426	根	root	670	ROOT
427	尺	ruler	3405	RULER
428	跑	run	1519	RUN
429	逃	run away	2142	RUN AWAY
430	鞍	saddle	3065	SADDLE
431	沙	sand	671	SAND
432	秤	scales	2783	SCALES (MEASURE INSTRUMENT)
433	剪	scissors	356	SHEARS
434	抓	scratch	1436	SCRATCH
435	句	sentence (of speech)	3421	SENTENCE (CLASSIFIER)
436	分	separate	1359	SEPARATE
437	芝	sesame	2797	SESAME
438	影	shadow	1388	SHADE
439	利	sharp	1396	SHARP
440	羊	sheep (general)	2684	CAPRINE (GOAT OR SHEEP)
441	架	shelf	745	SHELF
442	鞋	shoe	1381	SHOE
443	射	shoot (an arrow)	1172	SHOOT
444	肩	shoulder	1482	SHOULDER
445	病	sick	1847	SICK
446	旁	side	682	SIDE
447	唱	sing	1261	SING
448	沉	sink	1088	SINK (DESCEND)
449	嫂	sister-in-law (older brother's wife)	2695	SISTER-IN-LAW (OLDER BROTHER'S WIFE)
450	裙	skirt	1600	SKIRT
451	睡	sleep	1585	SLEEP
452	袖	sleeve	2953	SLEEVE
453	慢	slow	701	SLOW
454	蛇	snake	730	SNAKE
455	雪	snow	784	SNOW
456	婿	son-in-law	1056	SON-IN-LAW
457	歌	song	1096	SONG
458	酸	sour	1906	SOUR
459	辣	spicy	544	SPICY
460	蛛	spider	843	SPIDER
461	蜘	spider	843	SPIDER
462	痰	spit	1440	SPIT
463	勺	spoon	1378	SPOON
464	芽	sprout (shoot)	3358	SPROUT (SHOOT)
465	起	stand up	570	STAND UP
466	星	star	1430	STAR
467	偷	steal	713	STEAL
468	蒸	steam	2068	BRAISE (VERB)
469	台	step	1158	STEP
470	臭	stinky (smell)	42	STINKING
471	炒	stir-fry	2162	STIR FRY
472	胃	stomach	819	STOMACH
473	凳	stool (bench)	2058	STOOL
474	灶	stove	859	STOVE
475	蓑	straw or palm-bark rain cape	1662	CAPE
476	拍	strike (beat)	2133	STRIKE OR BEAT
477	傻	stupid	1518	STUPID
478	糖	sugar	862	SUGAR
479	太	sun	1343	SUN
480	燕	swallow	3077	SWALLOW (BIRD)
481	汗	sweat	2458	PERSPIRE OR SWEAT
482	游	swim	1439	SWIM
483	尾	tail	1220	TAIL
484	茶	tea	1373	TEA
485	筋	tendon	1137	TENDON
486	有	there is or there are	2152	THERE IS OR THERE ARE
487	薄	thin	2306	THIN (OF LEAF AND CLOTH)
488	稀	thin (hair)	2305	THIN (OF HAIR AND THREAD)
489	想	think	2271	THINK
490	刺	thorn/ splinter	124	THORN
491	喉	throat	1346	THROAT
492	雷	thunder	1150	THUNDER
493	虎	tiger	846	TIGER
494	今	today	1283	TODAY
495	腐	tofu	3443	TOFU
496	舌	tongue	1205	TONGUE
497	摸	touch (stroke)	1892	TOUCH
498	梢	tree top	3036	TREETOP
499	翻	turn over (on bed)	1445	TURN (SOMETHING)
500	搓	twist (hemp fibers)	430	TWIST
501	解	untie	352	UNTIE
502	尿	urine	1142	URINE
503	菜	vegetable	924	VEGETABLES
504	很	very	1311	VERY
505	吐	vomit	1278	VOMIT
506	腰	waist	1681	WAIST
507	等	wait	1590	WAIT (FOR)
508	走	walk	1443	WALK
509	要	want (need)	1784	WANT
510	水	water	948	WATER
511	戴	wear (a hat)	3428	WEAR (ON HEAD)
512	鞭	whip	2630	WHIP
513	妻	wife	1199	WIFE
514	窗	window	1375	WINDOW
515	翅	wing	1257	WING
516	簸	winnowing fan	2051	DUSTPAN
517	弟	younger brother	1760	YOUNGER BROTHER
518	妹	younger sister	1761	YOUNGER SISTER
519	苗			
520	麻			
521	筐			
522	斗			
523	公			
524	扁			
525	比			
526	行			
527	熬			
528	拉			
529	拱			
530	躲			
531	避			
532	家			
533	每			
534	肥			
535	粉			
536	玉			
537	祖			
538	革			
539	椒			
540	照			
541	茅			
542	急			
543	正			
544	道			
545	瘦			
546	包			
547	集			
548	汁			
549	割			
550	巴			
551	字			
552	己			
553	削			
554	堵			
555	塞			
556	塘			
557	守			
558	稼			
559	拔			
560	扶			
561	放			
562	念			
563	送			
564	泡			
565	事			
566	故			
567	嫩			
568	疏			
569	拴			
570	稠			
571	所			
572	筒			
573	斑			
574	极			
575	缸			
576	么			
577	野			
578	杯			
579	元			
580	丁			
581	且			
582	世			
583	丘			
584	丙			
585	丞			
586	丟			
587	並			
588	串			
589	丸			
590	丹			
591	主			
592	乃			
593	久			
594	之			
595	尹			
596	乍			
597	乏			
598	乖			
599	乘			
600	乙			
601	乾			
602	亂			
603	了			
604	于			
605	互			
606	些			
607	亞			
608	交			
609	亦			
610	享			
611	京			
612	亭			
613	仁			
614	仇			
615	介			
616	仍			
617	付			
618	仙			
619	代			
620	以			
621	仰			
622	仲			
623	任			
624	份			
625	仿			
626	伍			
627	伏			
628	休			
629	伙			
630	伯			
631	估			
632	伴			
633	伶			
634	伸			
635	似			
636	佃			
637	但			
638	佈			
639	佔			
640	何			
641	余			
642	佛			
643	作			
644	佩			
645	佳			
646	併			
647	使			
648	例			
649	供			
650	依			
651	侯			
652	侵			
653	便			
654	俄			
655	俊			
656	俗			
657	保			
658	修			
659	俯			
660	俸			
661	倉			
662	倍			
663	候			
664	倚			
665	倡			
666	倣			
667	倦			
668	倫			
669	值			
670	偉			
671	偏			
672	停			
673	健			
674	側			
675	偵			
676	偶			
677	偽			
678	傅			
679	傑			
680	傘			
681	備			
682	催			
683	傲			
684	傳			
685	債			
686	傷			
687	傾			
688	僅			
689	像			
690	僑			
691	僕			
692	僧			
693	僵			
694	價			
695	億			
696	儉			
697	儘			
698	償			
699	優			
700	儲			
701	允			
702	充			
703	兆			
704	兇			
705	先			
706	克			
707	兌			
708	免			
709	兜			
710	共			
711	具			
712	典			
713	兼			
714	冊			
715	再			
716	冒			
717	最			
718	冤			
719	冰			
720	凌			
721	凍			
722	凝			
723	凡			
724	函			
725	刁			
726	刃			
727	刊			
728	刑			
729	列			
730	判			
731	別			
732	制			
733	刻			
734	剃			
735	則			
736	剔			
737	剛			
738	剝			
739	剩			
740	創			
741	劇			
742	劉			
743	劍			
744	劑			
745	功			
746	加			
747	劣			
748	努			
749	勁			
750	勇			
751	勉			
752	勒			
753	動			
754	務			
755	勝			
756	勞			
757	勢			
758	勳			
759	勸			
760	勻			
761	勾			
762	勿			
763	匣			
764	匪			
765	匯			
766	匹			
767	匾			
768	區			
769	升			
770	卑			
771	卒			
772	協			
773	博			
774	卡			
775	卦			
776	卯			
777	印			
778	危			
779	即			
780	卷			
781	卸			
782	卻			
783	原			
784	厭			
785	厲			
786	參			
787	又			
788	叉			
789	及			
790	反			
791	叔			
792	受			
793	叢			
794	另			
795	叩			
796	史			
797	司			
798	各			
799	合			
800	吉			
801	同			
802	向			
803	君			
804	吝			
805	吞			
806	含			
807	吳			
808	吵			
809	呂			
810	呈			
811	味			
812	哀			
813	品			
814	哄			
815	員			
816	哲			
817	唐			
818	售			
819	商			
820	問			
821	啞			
822	啼			
823	善			
824	喊			
825	喘			
826	喚			
827	喜			
828	喪			
829	喬			
830	單			
831	喻			
832	嗇			
833	嗉			
834	嗓			
835	嘉			
836	嘔			
837	嘗			
838	噓			
839	噎			
840	噴			
841	器			
842	嚇			
843	嚥			
844	嚴			
845	嚷			
846	嚼			
847	囊			
848	囑			
849	囚			
850	因			
851	囪			
852	固			
853	國			
854	圍			
855	園			
856	圓			
857	圖			
858	團			
859	址			
860	均			
861	坍			
862	坎			
863	坑			
864	坡			
865	坤			
866	坦			
867	坪			
868	垂			
869	型			
870	垮			
871	城			
872	域			
873	埠			
874	執			
875	培			
876	基			
877	堂			
878	堅			
879	堆			
880	堡			
881	堤			
882	堪			
883	報			
884	場			
885	塊			
886	塌			
887	塑			
888	塔			
889	塗			
890	境			
891	增			
892	墩			
893	墳			
894	墾			
895	壁			
896	壓			
897	壞			
898	壟			
899	壩			
900	士			
901	壯			
902	壺			
903	壽			
904	夏			
905	夠			
906	夢			
907	央			
908	夷			
909	夾			
910	奇			
911	奉			
912	奏			
913	契			
914	奔			
915	套			
916	奪			
917	奮			
918	奴			
919	奸			
920	如			
921	妓			
922	妖			
923	妙			
924	妥			
925	妨			
926	姊			
927	始			
928	姓			
929	委			
930	姚			
931	姦			
932	姨			
933	姪			
934	姻			
935	姿			
936	威			
937	娛			
938	婚			
939	婦			
940	媒			
941	媽			
942	媾			
943	嫁			
944	嫌			
945	嫖			
946	嬌			
947	嬰			
948	嬸			
949	孔			
950	存			
951	孝			
952	季			
953	孫			
954	學			
955	它			
956	宅			
957	安			
958	宋			
959	完			
960	宏			
961	宗			
962	官			
963	定			
964	宜			
965	宣			
966	室			
967	宦			
968	宮			
969	宰			
970	宴			
971	宵			
972	宿			
973	寄			
974	寅			
975	密			
976	寇			
977	寒			
978	寓			
979	察			
980	寡			
981	寢			
982	實			
983	寧			
984	審			
985	寫			
986	寬			
987	寵			
988	寶			
989	寸			
990	寺			
991	封			
992	將			
993	專			
994	尊			
995	尋			
996	對			
997	導			
998	尚			
999	尤			
1000	就			
1001	尼			
1002	局			
1003	居			
1004	屈			
1005	屍			
1006	屏			
1007	展			
1008	屠			
1009	層			
1010	屬			
1011	屯			
1012	岔			
1013	岡			
1014	岳			
1015	岸			
1016	峰			
1017	島			
1018	崇			
1019	崑			
1020	崔			
1021	崙			
1022	崩			
1023	嶺			
1024	巖			
1025	川			
1026	州			
1027	巢			
1028	工			
1029	巧			
1030	巨			
1031	差			
1032	巷			
1033	帆			
1034	希			
1035	帖			
1036	帘			
1037	帝			
1038	帥			
1039	師			
1040	帳			
1041	帶			
1042	常			
1043	幔			
1044	幕			
1045	幣			
1046	幫			
1047	幸			
1048	幹			
1049	幼			
1050	幽			
1051	幾			
1052	序			
1053	底			
1054	店			
1055	庚			
1056	府			
1057	度			
1058	座			
1059	庫			
1060	庭			
1061	康			
1062	廁			
1063	廂			
1064	廊			
1065	廉			
1066	廚			
1067	廟			
1068	廠			
1069	廢			
1070	廣			
1071	廳			
1072	延			
1073	廷			
1074	建			
1075	弄			
1076	弊			
1077	式			
1078	弔			
1079	引			
1080	弘			
1081	弱			
1082	張			
1083	強			
1084	彀			
1085	彈			
1086	彎			
1087	形			
1088	彩			
1089	彭			
1090	彷			
1091	役			
1092	彼			
1093	往			
1094	征			
1095	待			
1096	律			
1097	後			
1098	徐			
1099	徒			
1100	從			
1101	復			
1102	循			
1103	微			
1104	德			
1105	徹			
1106	徽			
1107	必			
1108	忌			
1109	忍			
1110	志			
1111	忠			
1112	忽			
1113	忿			
1114	怒			
1115	思			
1116	怠			
1117	性			
1118	怨			
1119	怪			
1120	怯			
1121	恃			
1122	恆			
1123	恐			
1124	恙			
1125	恤			
1126	恥			
1127	恨			
1128	恩			
1129	恭			
1130	息			
1131	恰			
1132	悅			
1133	悔			
1134	悟			
1135	悠			
1136	患			
1137	悲			
1138	悶			
1139	情			
1140	惜			
1141	惟			
1142	惠			
1143	惡			
1144	惰			
1145	惱			
1146	惹			
1147	愁			
1148	愉			
1149	意			
1150	愚			
1151	愛			
1152	感			
1153	慨			
1154	愧			
1155	慈			
1156	態			
1157	慌			
1158	慎			
1159	慕			
1160	慘			
1161	慣			
1162	慧			
1163	慮			
1164	慶			
1165	慷			
1166	憂			
1167	憐			
1168	憑			
1169	憤			
1170	憲			
1171	懂			
1172	懇			
1173	應			
1174	懶			
1175	懷			
1176	懸			
1177	戀			
1178	戎			
1179	戒			
1180	或			
1181	截			
1182	戰			
1183	戲			
1184	戳			
1185	戶			
1186	才			
1187	扎			
1188	扑			
1189	扔			
1190	托			
1191	扭			
1192	扮			
1193	扯			
1194	扳			
1195	批			
1196	承			
1197	技			
1198	抄			
1199	把			
1200	投			
1201	抖			
1202	抗			
1203	披			
1204	抵			
1205	抹			
1206	押			
1207	抽			
1208	拆			
1209	拈			
1210	拋			
1211	拌			
1212	拐			
1213	拒			
1214	拘			
1215	拙			
1216	招			
1217	拜			
1218	括			
1219	拼			
1220	拾			
1221	按			
1222	挨			
1223	挪			
1224	振			
1225	挺			
1226	挽			
1227	捎			
1228	捏			
1229	捐			
1230	捕			
1231	捧			
1232	捨			
1233	捲			
1234	掀			
1235	掃			
1236	授			
1237	掌			
1238	掏			
1239	掐			
1240	排			
1241	掘			
1242	掛			
1243	採			
1244	探			
1245	控			
1246	掩			
1247	揀			
1248	揉			
1249	描			
1250	揚			
1251	換			
1252	握			
1253	揩			
1254	揪			
1255	揮			
1256	援			
1257	損			
1258	搖			
1259	搗			
1260	搜			
1261	搞			
1262	搧			
1263	搭			
1264	搶			
1265	搽			
1266	摔			
1267	摘			
1268	摟			
1269	摩			
1270	撇			
1271	撈			
1272	撐			
1273	撓			
1274	撕			
1275	撞			
1276	撤			
1277	撥			
1278	播			
1279	擁			
1280	擂			
1281	擇			
1282	擊			
1283	擋			
1284	操			
1285	擒			
1286	擔			
1287	據			
1288	擠			
1289	擦			
1290	擴			
1291	擺			
1292	擾			
1293	攀			
1294	攆			
1295	攏			
1296	攔			
1297	攘			
1298	攙			
1299	攤			
1300	攪			
1301	攬			
1302	支			
1303	攷			
1304	攻			
1305	政			
1306	效			
1307	啟			
1308	敏			
1309	敗			
1310	敘			
1311	教			
1312	敝			
1313	散			
1314	敦			
1315	敬			
1316	整			
1317	敵			
1318	敷			
1319	數			
1320	斃			
1321	文			
1322	料			
1323	斟			
1324	斬			
1325	斯			
1326	斷			
1327	施			
1328	旅			
1329	旋			
1330	既			
1331	旦			
1332	旨			
1333	旬			
1334	旺			
1335	昂			
1336	昆			
1337	昌			
1338	昏			
1339	春			
1340	昧			
1341	昭			
1342	時			
1343	晃			
1344	晏			
1345	晝			
1346	普			
1347	景			
1348	晴			
1349	晶			
1350	智			
1351	暑			
1352	暈			
1353	暖			
1354	暢			
1355	暫			
1356	暮			
1357	暴			
1358	曆			
1359	曉			
1360	曲			
1361	更			
1362	書			
1363	曹			
1364	曾			
1365	替			
1366	會			
1367	服			
1368	期			
1369	未			
1370	末			
1371	札			
1372	朱			
1373	朽			
1374	杏			
1375	杖			
1376	杜			
1377	杭			
1378	析			
1379	枚			
1380	柏			
1381	某			
1382	柑			
1383	染			
1384	柔			
1385	柚			
1386	查			
1387	柬			
1388	柰			
1389	柳			
1390	栗			
1391	校			
1392	株			
1393	核			
1394	格			
1395	桂			
1396	桅			
1397	案			
1398	桐			
1399	桑			
1400	桿			
1401	梁			
1402	梅			
1403	條			
1404	梧			
1405	梭			
1406	械			
1407	棄			
1408	棋			
1409	棒			
1410	棕			
1411	棗			
1412	棚			
1413	棧			
1414	森			
1415	植			
1416	椽			
1417	楊			
1418	楚			
1419	楦			
1420	業			
1421	概			
1422	榆			
1423	榜			
1424	榨			
1425	榮			
1426	榴			
1427	構			
1428	槌			
1429	槍			
1430	槐			
1431	槓			
1432	槽			
1433	樁			
1434	樂			
1435	樓			
1436	標			
1437	樟			
1438	模			
1439	樣			
1440	樵			
1441	橋			
1442	橙			
1443	機			
1444	橡			
1445	橫			
1446	檀			
1447	檢			
1448	櫃			
1449	櫓			
1450	櫻			
1451	欄			
1452	權			
1453	次			
1454	欣			
1455	欲			
1456	欺			
1457	款			
1458	歇			
1459	歎			
1460	歐			
1461	歛			
1462	歡			
1463	止			
1464	此			
1465	步			
1466	武			
1467	歪			
1468	歲			
1469	歷			
1470	歸			
1471	歹			
1472	殃			
1473	殊			
1474	殘			
1475	殯			
1476	殲			
1477	段			
1478	殷			
1479	殼			
1480	殿			
1481	毀			
1482	毫			
1483	毯			
1484	氈			
1485	民			
1486	永			
1487	求			
1488	江			
1489	汪			
1490	決			
1491	汽			
1492	沈			
1493	沒			
1494	沫			
1495	治			
1496	沾			
1497	況			
1498	泄			
1499	泉			
1500	法			
1501	波			
1502	注			
1503	泰			
1504	洋			
1505	洒			
1506	洛			
1507	津			
1508	洪			
1509	洲			
1510	派			
1511	浙			
1512	浪			
1513	消			
1514	涉			
1515	涼			
1516	淆			
1517	淋			
1518	淒			
1519	淚			
1520	淨			
1521	淮			
1522	混			
1523	淹			
1524	淺			
1525	添			
1526	減			
1527	渠			
1528	渡			
1529	渣			
1530	測			
1531	港			
1532	渾			
1533	湊			
1534	湖			
1535	湯			
1536	滋			
1537	源			
1538	準			
1539	溜			
1540	溝			
1541	溪			
1542	溫			
1543	滅			
1544	滑			
1545	滔			
1546	滲			
1547	滴			
1548	滷			
1549	滾			
1550	滿			
1551	漂			
1552	漆			
1553	演			
1554	漚			
1555	漢			
1556	漫			
1557	漱			
1558	漲			
1559	漸			
1560	漿			
1561	潑			
1562	潔			
1563	潘			
1564	潤			
1565	潮			
1566	潰			
1567	澆			
1568	澇			
1569	澗			
1570	澤			
1571	激			
1572	濁			
1573	濃			
1574	澀			
1575	濕			
1576	濟			
1577	濫			
1578	濺			
1579	濾			
1580	瀉			
1581	灌			
1582	灘			
1583	灣			
1584	灸			
1585	災			
1586	炊			
1587	炕			
1588	炭			
1589	炮			
1590	為			
1591	烈			
1592	烘			
1593	烙			
1594	烹			
1595	無			
1596	焦			
1597	然			
1598	煉			
1599	煎			
1600	煙			
1601	煥			
1602	煩			
1603	熄			
1604	熨			
1605	熱			
1606	燈			
1607	燐			
1608	燒			
1609	燙			
1610	營			
1611	燭			
1612	爆			
1613	爐			
1614	爛			
1615	爭			
1616	爽			
1617	牆			
1618	片			
1619	版			
1620	牘			
1621	牢			
1622	牧			
1623	牲			
1624	牴			
1625	特			
1626	牽			
1627	犀			
1628	犧			
1629	犯			
1630	狀			
1631	狂			
1632	狄			
1633	狡			
1634	猛			
1635	猶			
1636	獅			
1637	獄			
1638	獎			
1639	獨			
1640	獲			
1641	獵			
1642	獸			
1643	獻			
1644	玄			
1645	率			
1646	玻			
1647	珍			
1648	珠			
1649	班			
1650	琉			
1651	理			
1652	琴			
1653	瑟			
1654	瑣			
1655	璧			
1656	環			
1657	瓊			
1658	瓤			
1659	瓷			
1660	甕			
1661	甘			
1662	甚			
1663	產			
1664	甥			
1665	甫			
1666	由			
1667	申			
1668	界			
1669	畏			
1670	畜			
1671	畝			
1672	畢			
1673	略			
1674	異			
1675	番			
1676	畫			
1677	當			
1678	疆			
1679	疊			
1680	疑			
1681	疤			
1682	疥			
1683	疫			
1684	疲			
1685	疹			
1686	疾			
1687	症			
1688	痘			
1689	痢			
1690	痣			
1691	瘋			
1692	瘟			
1693	瘧			
1694	瘡			
1695	療			
1696	癬			
1697	登			
1698	發			
1699	皂			
1700	皇			
1701	皺			
1702	盂			
1703	盆			
1704	盈			
1705	益			
1706	盒			
1707	盛			
1708	盜			
1709	盞			
1710	盟			
1711	盡			
1712	監			
1713	盤			
1714	盧			
1715	相			
1716	盼			
1717	盾			
1718	省			
1719	眠			
1720	眷			
1721	眾			
1722	睜			
1723	睬			
1724	睹			
1725	瞞			
1726	瞧			
1727	瞪			
1728	瞳			
1729	矛			
1730	矢			
1731	研			
1732	硝			
1733	硫			
1734	硯			
1735	碎			
1736	碑			
1737	碰			
1738	碟			
1739	磁			
1740	確			
1741	碾			
1742	磚			
1743	礎			
1744	礙			
1745	礦			
1746	礬			
1747	示			
1748	社			
1749	祀			
1750	祐			
1751	祕			
1752	祝			
1753	神			
1754	祠			
1755	祥			
1756	票			
1757	祭			
1758	視			
1759	祿			
1760	禁			
1761	禍			
1762	福			
1763	禮			
1764	禱			
1765	禽			
1766	萬			
1767	禾			
1768	禿			
1769	秀			
1770	私			
1771	秉			
1772	秋			
1773	科			
1774	秒			
1775	租			
1776	秦			
1777	稅			
1778	稈			
1779	程			
1780	稍			
1781	稜			
1782	種			
1783	稱			
1784	稿			
1785	穀			
1786	積			
1787	穗			
1788	穩			
1789	究			
1790	突			
1791	窖			
1792	窘			
1793	窩			
1794	窮			
1795	窯			
1796	竅			
1797	童			
1798	端			
1799	競			
1800	竿			
1801	笛			
1802	符			
1803	笨			
1804	第			
1805	筆			
1806	筍			
1807	筑			
1808	策			
1809	節			
1810	箇			
1811	箋			
1812	箏			
1813	算			
1814	管			
1815	篆			
1816	篇			
1817	篦			
1818	篩			
1819	篷			
1820	簡			
1821	簫			
1822	簷			
1823	簽			
1824	簾			
1825	簿			
1826	籃			
1827	籌			
1828	籍			
1829	籠			
1830	籤			
1831	籬			
1832	籮			
1833	粒			
1834	粗			
1835	粘			
1836	粺			
1837	粽			
1838	精			
1839	糊			
1840	糕			
1841	糙			
1842	糞			
1843	糟			
1844	糧			
1845	系			
1846	糾			
1847	紀			
1848	約			
1849	紅			
1850	紋			
1851	納			
1852	紐			
1853	純			
1854	紗			
1855	紙			
1856	級			
1857	紛			
1858	素			
1859	紡			
1860	索			
1861	紫			
1862	紮			
1863	細			
1864	紹			
1865	終			
1866	組			
1867	結			
1868	絕			
1869	絞			
1870	絡			
1871	給			
1872	絨			
1873	統			
1874	絲			
1875	絹			
1876	綁			
1877	綑			
1878	經			
1879	綠			
1880	綢			
1881	維			
1882	綱			
1883	網			
1884	綿			
1885	緊			
1886	緒			
1887	緗			
1888	線			
1889	緞			
1890	緣			
1891	編			
1892	緩			
1893	練			
1894	縐			
1895	縣			
1896	縫			
1897	縮			
1898	縱			
1899	總			
1900	績			
1901	繁			
1902	織			
1903	繞			
1904	繡			
1905	繩			
1906	繪			
1907	繭			
1908	繼			
1909	續			
1910	纏			
1911	纓			
1912	罩			
1913	罪			
1914	置			
1915	罰			
1916	罵			
1917	罷			
1918	羅			
1919	羔			
1920	群			
1921	義			
1922	羹			
1923	翁			
1924	習			
1925	翔			
1926	翠			
1927	者			
1928	而			
1929	耍			
1930	耐			
1931	耗			
1932	聊			
1933	聖			
1934	聘			
1935	聚			
1936	聞			
1937	聯			
1938	聰			
1939	聲			
1940	職			
1941	聽			
1942	聾			
1943	肆			
1944	肋			
1945	肘			
1946	肢			
1947	肯			
1948	育			
1949	肴			
1950	胎			
1951	能			
1952	脂			
1953	脆			
1954	脈			
1955	脊			
1956	脣			
1957	脫			
1958	脹			
1959	脾			
1960	腎			
1961	腑			
1962	腔			
1963	腥			
1964	腦			
1965	腮			
1966	腱			
1967	腳			
1968	腸			
1969	腹			
1970	膏			
1971	膚			
1972	膠			
1973	膨			
1974	膩			
1975	膽			
1976	膿			
1977	臂			
1978	臉			
1979	臊			
1980	臍			
1981	臘			
1982	臟			
1983	臣			
1984	臥			
1985	臧			
1986	臨			
1987	至			
1988	致			
1989	舀			
1990	與			
1991	興			
1992	舉			
1993	舊			
1994	舍			
1995	舒			
1996	舔			
1997	舞			
1998	舟			
1999	航			
2000	般			
2001	艇			
2002	良			
2003	艱			
2004	色			
2005	艾			
2006	芥			
2007	芬			
2008	芳			
2009	芹			
2010	苟			
2011	若			
2012	英			
2013	茂			
2014	范			
2015	茲			
2016	茸			
2017	荊			
2018	荐			
2019	荒			
2020	荷			
2021	莊			
2022	莫			
2023	菊			
2024	菌			
2025	華			
2026	菱			
2027	萍			
2028	著			
2029	葉			
2030	董			
2031	葦			
2032	葬			
2033	葵			
2034	葷			
2035	蒙			
2036	蒲			
2037	蒼			
2038	蒿			
2039	蓄			
2040	蓉			
2041	蓋			
2042	蓬			
2043	蓮			
2044	蓴			
2045	蔓			
2046	蔡			
2047	蔥			
2048	蔽			
2049	蕉			
2050	蕊			
2051	蕭			
2052	薅			
2053	薑			
2054	薛			
2055	薪			
2056	薰			
2057	藍			
2058	藕			
2059	藝			
2060	藥			
2061	蘆			
2062	蘇			
2063	蘭			
2064	蘸			
2065	虌			
2066	彪			
2067	虐			
2068	虔			
2069	處			
2070	虛			
2071	虞			
2072	號			
2073	虧			
2074	蛀			
2075	蛾			
2076	蝕			
2077	蝗			
2078	蝟			
2079	蝦			
2080	蝨			
2081	螢			
2082	蟬			
2083	蟲			
2084	蠅			
2085	蠢			
2086	蠶			
2087	蠻			
2088	術			
2089	街			
2090	衛			
2091	衝			
2092	衡			
2093	表			
2094	衫			
2095	衰			
2096	袁			
2097	袍			
2098	裁			
2099	裌			
2100	裕			
2101	補			
2102	裝			
2103	裡			
2104	複			
2105	褒			
2106	褥			
2107	褲			
2108	襖			
2109	襟			
2110	襪			
2111	襯			
2112	見			
2113	規			
2114	覓			
2115	親			
2116	覺			
2117	覽			
2118	觀			
2119	觸			
2120	言			
2121	訂			
2122	計			
2123	訊			
2124	討			
2125	訓			
2126	託			
2127	記			
2128	訛			
2129	訟			
2130	訪			
2131	設			
2132	許			
2133	訴			
2134	診			
2135	註			
2136	証			
2137	詐			
2138	評			
2139	詞			
2140	試			
2141	詩			
2142	話			
2143	該			
2144	詳			
2145	誇			
2146	誠			
2147	誌			
2148	認			
2149	誓			
2150	語			
2151	誤			
2152	誦			
2153	說			
2154	誰			
2155	課			
2156	調			
2157	談			
2158	請			
2159	諒			
2160	論			
2161	諜			
2162	諱			
2163	諷			
2164	諸			
2165	謀			
2166	謂			
2167	謄			
2168	謊			
2169	謎			
2170	謙			
2171	講			
2172	謝			
2173	謠			
2174	譏			
2175	識			
2176	譚			
2177	譜			
2178	警			
2179	譬			
2180	譯			
2181	議			
2182	護			
2183	譽			
2184	讀			
2185	變			
2186	讓			
2187	豈			
2188	豌			
2189	豎			
2190	豐			
2191	豚			
2192	象			
2193	豪			
2194	豬			
2195	豹			
2196	貂			
2197	貌			
2198	貓			
2199	貝			
2200	貞			
2201	負			
2202	財			
2203	貢			
2204	貧			
2205	貨			
2206	販			
2207	貪			
2208	貫			
2209	責			
2210	貴			
2211	貶			
2212	買			
2213	貸			
2214	費			
2215	貼			
2216	貿			
2217	賀			
2218	賃			
2219	賄			
2220	資			
2221	賈			
2222	賊			
2223	賓			
2224	賜			
2225	賞			
2226	賠			
2227	賢			
2228	賣			
2229	賤			
2230	質			
2231	賬			
2232	賴			
2233	賺			
2234	購			
2235	賽			
2236	贈			
2237	贊			
2238	贏			
2239	贓			
2240	贖			
2241	赤			
2242	赦			
2243	趁			
2244	超			
2245	越			
2246	趕			
2247	趙			
2248	趟			
2249	趣			
2250	足			
2251	距			
2252	跟			
2253	跡			
2254	跨			
2255	跪			
2256	踏			
2257	踢			
2258	蹟			
2259	蹤			
2260	躁			
2261	躬			
2262	躺			
2263	車			
2264	軌			
2265	軍			
2266	軟			
2267	軸			
2268	較			
2269	載			
2270	輔			
2271	輕			
2272	輛			
2273	輝			
2274	輦			
2275	輩			
2276	輪			
2277	輸			
2278	轄			
2279	轅			
2280	轉			
2281	轎			
2282	轟			
2283	辛			
2284	辜			
2285	辦			
2286	辨			
2287	辭			
2288	辮			
2289	辯			
2290	辰			
2291	辱			
2292	農			
2293	巡			
2294	迅			
2295	迎			
2296	迫			
2297	述			
2298	迷			
2299	逆			
2300	透			
2301	途			
2302	通			
2303	逛			
2304	速			
2305	造			
2306	逢			
2307	連			
2308	進			
2309	逼			
2310	遁			
2311	遇			
2312	遊			
2313	運			
2314	遍			
2315	過			
2316	達			
2317	違			
2318	遙			
2319	遞			
2320	遠			
2321	適			
2322	遭			
2323	遮			
2324	遲			
2325	遵			
2326	遷			
2327	選			
2328	遺			
2329	遼			
2330	邀			
2331	邁			
2332	還			
2333	邊			
2334	邦			
2335	邪			
2336	郊			
2337	郎			
2338	部			
2339	郭			
2340	郵			
2341	鄉			
2342	鄒			
2343	鄙			
2344	鄧			
2345	鄭			
2346	鄰			
2347	配			
2348	酥			
2349	酪			
2350	酬			
2351	酵			
2352	醃			
2353	醋			
2354	醜			
2355	醫			
2356	醬			
2357	釉			
2358	量			
2359	釐			
2360	金			
2361	釘			
2362	針			
2363	釣			
2364	釧			
2365	鈍			
2366	鈔			
2367	鈞			
2368	鈴			
2369	鉗			
2370	鉛			
2371	鉤			
2372	銀			
2373	銅			
2374	銘			
2375	銜			
2376	銳			
2377	鋒			
2378	鋤			
2379	鋪			
2380	鋸			
2381	鋼			
2382	錄			
2383	錐			
2384	錘			
2385	錢			
2386	錫			
2387	錯			
2388	錨			
2389	鍊			
2390	鍋			
2391	鍍			
2392	鍘			
2393	鍛			
2394	鍬			
2395	鍾			
2396	鎔			
2397	鎖			
2398	鎮			
2399	鏟			
2400	鏡			
2401	鐘			
2402	鐮			
2403	鐲			
2404	鐵			
2405	鑄			
2406	鑰			
2407	鑼			
2408	鑽			
2409	鑿			
2410	長			
2411	門			
2412	閂			
2413	閉			
2414	開			
2415	閏			
2416	閑			
2417	閒			
2418	間			
2419	閘			
2420	閣			
2421	閱			
2422	閻			
2423	闊			
2424	闖			
2425	關			
2426	防			
2427	阻			
2428	附			
2429	降			
2430	限			
2431	陜			
2432	陡			
2433	院			
2434	陣			
2435	除			
2436	陪			
2437	陰			
2438	陳			
2439	陵			
2440	陶			
2441	陷			
2442	陸			
2443	陽			
2444	隆			
2445	隊			
2446	隋			
2447	階			
2448	隔			
2449	際			
2450	障			
2451	隨			
2452	險			
2453	隱			
2454	隴			
2455	隸			
2456	雁			
2457	雄			
2458	雅			
2459	雇			
2460	雌			
2461	雕			
2462	雖			
2463	雙			
2464	雜			
2465	雞			
2466	離			
2467	難			
2468	零			
2469	雹			
2470	電			
2471	需			
2472	霄			
2473	震			
2474	霉			
2475	霞			
2476	霧			
2477	霸			
2478	靈			
2479	靜			
2480	非			
2481	靠			
2482	靴			
2483	鞏			
2484	韓			
2485	音			
2486	竟			
2487	章			
2488	韻			
2489	響			
2490	頂			
2491	頃			
2492	項			
2493	順			
2494	須			
2495	頌			
2496	預			
2497	頑			
2498	頒			
2499	頓			
2500	頗			
2501	領			
2502	頭			
2503	頸			
2504	頻			
2505	顆			
2506	題			
2507	額			
2508	顏			
2509	願			
2510	顛			
2511	類			
2512	顧			
2513	顯			
2514	風			
2515	飄			
2516	飛			
2517	食			
2518	飢			
2519	飯			
2520	飲			
2521	飼			
2522	飽			
2523	餅			
2524	養			
2525	餐			
2526	餓			
2527	餘			
2528	餡			
2529	館			
2530	餵			
2531	餿			
2532	饒			
2533	饞			
2534	馬			
2535	馮			
2536	馱			
2537	馳			
2538	駁			
2539	駐			
2540	駒			
2541	駕			
2542	駛			
2543	駝			
2544	駱			
2545	騎			
2546	騙			
2547	騰			
2548	騷			
2549	騾			
2550	驅			
2551	驕			
2552	驗			
2553	驚			
2554	驟			
2555	驢			
2556	骯			
2557	髒			
2558	體			
2559	髮			
2560	鬃			
2561	鬆			
2562	鬍			
2563	鬚			
2564	鬥			
2565	鬧			
2566	魂			
2567	魏			
2568	魔			
2569	魚			
2570	魯			
2571	鮑			
2572	鮮			
2573	鯉			
2574	鰾			
2575	鱗			
2576	鳥			
2577	鳳			
2578	鳴			
2579	鴉			
2580	鴨			
2581	鴻			
2582	鴿			
2583	鵝			
2584	鵲			
2585	鷹			
2586	鸚			
2587	鹹			
2588	鹼			
2589	鹽			
2590	鹿			
2591	麈			
2592	麒			
2593	麗			
2594	麥			
2595	麩			
2596	麴			
2597	黃			
2598	黍			
2599	黎			
2600	黏			
2601	墨			
2602	默			
2603	點			
2604	黨			
2605	鼎			
2606	齊			
2607	齋			
2608	齒			
2609	龍			
2610	龜			
